,1,time,3,signal
0,,588130801.0772742,2.5146950040658105,
1,,897713727.909418,5.2082291135666825,
2,,891530729.474708,2.286295639008704,
3,,815837477.307684,-3.069739757020581,
4,,35889585.61685329,-1.8901212052303549,
5,,691757581.758884,-4.352068760211171,
6,,378680942.00540817,0.8212543611249276,
7,,518510945.4480806,-2.861660348594873,
8,,657951465.558813,0.2735913133038227,
9,,193850217.8829483,3.833485399715794,
10,,272316402.06658393,-7.009860616003967,
11,,718605933.6011658,0.3326132543372917,
12,,783003609.4590105,-3.4853337826196,
13,,850327639.7749953,-0.0697305195828339,
14,,775244893.9943627,-2.186547089897213,
15,,36664306.42108576,-4.571250841085437,
16,,116693735.13289516,-3.750911685437156,
17,,751280699.4877009,2.3446572996592487,
18,,239218216.1996095,1.1359855017455236,
19,,254806013.94214675,-0.9937776317666542,
20,,857625531.1697625,0.9609136940919468,
21,,949779026.1143028,-3.8413090440944857,
22,,561686858.0111579,-1.5208945408025225,
23,,178780519.84997657,0.7217040526921883,
24,,770251933.1384002,1.8103023817932635,
25,,492381039.6145495,1.9933397596227471,
26,,631253065.5635453,-0.672319922476772,
27,,839497922.913706,0.7656998207451633,
28,,461039396.2924308,0.02902866252359,
29,,497940073.3073052,0.4186613990630996,
30,,679411117.5532508,-2.60565954426741,
31,,650785914.1233301,-0.2183077684964727,
32,,268795238.74435407,-1.8833540012345165,
33,,67324666.93901773,-0.3572001466637191,
34,,771445138.3585627,5.006967393587862,
35,,480984132.2996459,4.16936649824198,
36,,329206407.73364675,-2.53884524984834,
37,,510641056.17515177,1.0444200185585455,
38,,263628828.6600568,-2.1977606952864823,
39,,310511550.0462974,0.2065621670737665,
40,,626853437.7163501,3.462368604622928,
41,,557449810.5722824,-4.082548809710554,
42,,318579559.579802,0.2459620069834085,
43,,394843220.8584274,-4.207964968497717,
44,,257974585.8651852,-1.337681648816868,
45,,582241123.2852156,-0.4718110926949024,
46,,161628710.44378734,-6.267580232273898,
47,,598133819.7650198,2.138430699881098,
48,,825823577.2560102,-2.734629664699012,
49,,156391718.51094723,-4.821277900726093,
50,,734300519.3170531,2.3338797283358934,
51,,408643432.0788223,-0.1673275250599015,
52,,778687904.3633301,-0.6778608702087506,
53,,803970567.6110086,-0.8350345654759149,
54,,786071443.5268508,0.9790887968927504,
55,,592287018.6558129,5.13121992840973,
56,,664489202.8256034,-4.466344215729584,
57,,646567286.775609,1.0634260403700826,
58,,425636478.9640509,-0.9136195509887144,
59,,513568333.7577432,-2.226856088983709,
60,,501257843.7160973,2.0124269489213917,
61,,37083810.9187992,-4.404638439213247,
62,,708116095.181514,1.869648702956175,
63,,620430600.2170095,3.8998549760585135,
64,,777808534.6172428,-2.7246873382523678,
65,,459409465.6478793,2.526876011746018,
66,,379805554.7025306,-0.3177502196878126,
67,,291892203.5537212,-4.279977518969838,
68,,557228862.4869921,-3.2511727420037664,
69,,84163601.69753323,0.9773203405605682,
70,,631281669.144046,1.4179553579967883,
71,,944570487.920368,-1.915463412221736,
72,,891237534.9397385,1.707095188331205,
73,,878582579.7633914,0.4624130318480257,
74,,344751627.00699544,1.944111168708796,
75,,703100532.0419698,-2.944550683546744,
76,,527337604.7348849,-2.476382196022806,
77,,659316955.5805695,-1.367879247273594,
78,,268290633.6751031,-7.465816158925734,
79,,607767079.418287,1.7557234555026886,
80,,48157370.01461995,-0.176440842149445,
81,,695500639.4243271,3.6760035303348975,
82,,299271877.65136075,-2.6797137128412354,
83,,165635554.9063111,0.5321595086389768,
84,,332251940.1232874,1.180060066365057,
85,,165437745.5053304,-2.532473702872895,
86,,914637981.002319,-1.4010495315858105,
87,,284025005.9202085,-3.027325202919132,
88,,107607264.84068206,-0.5161073285124902,
89,,117001770.2327011,0.5803163864971057,
90,,755523598.795747,-0.6410541420039264,
91,,838894458.1958599,-0.3816933242155714,
92,,35537026.67150827,-0.8846093918431541,
93,,121443769.80074678,-2.554598997838502,
94,,891008055.063653,2.154458454866832,
95,,515092234.2427171,-0.6128270297304661,
96,,924419011.6286612,1.705185353548896,
97,,581242629.7105081,2.250887109348117,
98,,773256387.306404,2.9370280882004414,
99,,422676894.3449557,-1.6060416512450204,
100,,825464751.2641256,-2.91657960039912,
101,,385404561.7274872,1.6667439877040868,
102,,354345962.25189865,-0.3329611601845714,
103,,428078522.4578055,-1.8775140047003047,
104,,395065181.5538873,-4.0442746799593,
105,,844629714.1474856,1.051178684814799,
106,,373823809.1629649,0.1549470512106362,
107,,371580976.18591446,3.281686602201664,
108,,415942958.0075482,-1.598331617497016,
109,,424544476.3632228,3.245621048135883,
110,,662804842.833816,-2.412002599487825,
111,,189775925.61632285,-3.305718032530867,
112,,722478651.1124369,3.283253567093997,
113,,253660972.90227064,-0.4766522828817219,
114,,962674138.5244616,2.3850682456388377,
115,,132661245.81933758,-4.870323325934654,
116,,806796697.3677213,0.3331159526146801,
117,,354995450.3924939,1.0838290228831098,
118,,84638304.80062273,1.185687588779449,
119,,731168775.70882,4.0753743523598,
120,,996600854.553408,1.881543408315155,
121,,9592770.783399152,-4.598610199421765,
122,,237573387.5405289,2.5846586111667884,
123,,461924781.7133454,1.1245949677315812,
124,,765258837.9282806,2.146440044165,
125,,972503314.320876,-0.60336057081933,
126,,915946998.0362618,-3.104566328451413,
127,,587446781.049689,-1.5642531146789096,
128,,444375328.09698,-0.8923792566832565,
129,,441075940.143165,1.0618813751992795,
130,,693991371.4090784,-1.203529258938637,
131,,726640973.7095908,3.2305906700733003,
132,,734732757.4681122,1.298575196947939,
133,,384220529.6299164,-1.714505312717809,
134,,945395911.4439142,0.7212849086680295,
135,,793669264.8100342,0.7636247132203552,
136,,257814665.46308896,-1.6952086167900584,
137,,636486941.979685,1.7269825347222827,
138,,845140523.349244,-0.0635499238052128,
139,,7775148.666466225,-4.854504991136452,
140,,77036274.32303728,-2.098251272310447,
141,,989425138.979534,1.4558068959638666,
142,,790965012.233403,-0.9891302961300488,
143,,736887380.3041741,3.584242391295486,
144,,866389845.7503228,0.6735234542812054,
145,,230754122.3479932,0.2083604500129499,
146,,105502249.5123522,1.4841571089132912,
147,,742935269.4229372,-0.4541924698725905,
148,,475156343.2549728,6.210773165979291,
149,,759652834.3154135,5.610715122120093,
150,,485993132.358516,3.0218938681492213,
151,,275933790.9595235,-4.371113551778177,
152,,381783367.1806402,0.1482622822120104,
153,,676201398.5128596,-2.0714975778818774,
154,,736471030.6946241,2.008384169756724,
155,,970604695.1984516,-1.681582776145091,
156,,681362718.8213644,1.062762918011136,
157,,490451998.870101,-0.5246311646826762,
158,,128403242.09091824,-3.456265252527492,
159,,503830931.870658,-1.6938467053160062,
160,,409669104.053296,-1.072146391038402,
161,,255597375.79752305,-0.3969856719376727,
162,,618066026.2503396,0.6201988045293261,
163,,895014448.5863874,4.607206685314588,
164,,667502390.906908,-0.1660297619325339,
165,,575853355.9110415,-2.4425572271767577,
166,,648720482.1640174,3.198705822319253,
167,,961076765.7277606,-0.1551173941545059,
168,,864369247.2911634,3.38943143519371,
169,,782728776.6542155,-0.2616388186826935,
170,,311103320.4530341,2.2770763144299093,
171,,271913860.43280005,-1.5014394437205976,
172,,957380542.1790437,-2.7328803693204424,
173,,516442680.0105448,-1.6464763238078208,
174,,417425527.140704,0.5904604836113192,
175,,638863069.0353211,2.0921602753960173,
176,,689527361.00259,-2.6471578065956303,
177,,768486494.8951564,4.348616529079173,
178,,442854587.69839305,0.536814968676322,
179,,951314490.1190668,-2.378378045030806,
180,,532791285.1196689,-0.6776509969326017,
181,,313561379.14129364,-1.155400288545248,
182,,203522063.48122004,-0.9328353779196368,
183,,985347618.5249186,1.1629290761567463,
184,,467839211.4404849,1.96417800708964,
185,,702929220.5042403,-3.134059939899983,
186,,154604088.04807246,-2.574237756385289,
187,,730999386.4763508,0.2136174209759862,
188,,660586043.6085817,0.6751920331204408,
189,,736428677.0216461,3.616234948789697,
190,,906689290.8434372,-0.7934154823698232,
191,,793316313.6511385,-1.3388107328391723,
192,,394969731.1980225,-1.8195277741233684,
193,,922155728.8295786,-4.681463219745657,
194,,40945316.89192238,-3.560941405032014,
195,,794342109.1021433,0.1587178521034944,
196,,837971649.416032,4.707605298076624,
197,,541926692.5445466,-4.0130706674827135,
198,,630372199.9013208,0.6410983897657405,
199,,972483918.520694,3.73443831637496,
200,,397447321.290347,-0.3634719275023692,
201,,503539679.7949104,-1.0642092861336163,
202,,480051784.5414034,3.4630702670905817,
203,,709918762.8463057,1.045928927055508,
204,,17648161.021953877,-5.951957937077084,
205,,63605234.39451415,2.2070088176675937,
206,,116973441.03324737,2.91314673024072,
207,,830885202.421668,-2.301478552778016,
208,,306237837.21658903,-0.0385711987425048,
209,,613293781.0052303,2.352618867734024,
210,,553551510.4577843,3.606128235938269,
211,,787143098.2780617,-4.849148657305506,
212,,824669271.8364531,-1.6956729847878411,
213,,819212567.0572398,-0.7678462836187422,
214,,56484157.788743936,-1.2226938840668111,
215,,890334976.2907652,5.656044237454033,
216,,951781563.6217566,0.8974467453154064,
217,,221119160.8718633,0.8208045734180208,
218,,774973047.5109777,4.062134209133249,
219,,415163764.1120025,-0.2284226448951702,
220,,463675233.4600328,4.3479844339006375,
221,,681397022.1680027,-0.8151089245575178,
222,,932778438.3437842,0.2277705603557009,
223,,857565703.1779916,0.689344243867337,
224,,958202505.888464,-4.9952844521510125,
225,,633603539.0500487,-0.3890121234004551,
226,,66610879.5857503,2.369505537091744,
227,,871408446.1753882,1.6234772525871963,
228,,360870839.55327904,-0.6918848216978037,
229,,639464500.6330788,0.8008055079821113,
230,,907399645.8550372,5.4766306236778455,
231,,507049382.1470391,1.2368898777057749,
232,,859246804.1192756,2.789861211280431,
233,,996803057.2772654,1.9532644043835028,
234,,998467144.2110356,5.419897167434314,
235,,296423408.51681083,-0.5327784121388053,
236,,252959707.33706293,-2.060649993034454,
237,,217776922.77328897,0.5264932083649422,
238,,466561369.3288201,-0.1919612983035845,
239,,876663949.5709394,4.129216789123318,
240,,438510669.4653493,1.2210321719579902,
241,,215743839.18081576,0.1143634487767486,
242,,493378685.8838503,4.942977672579241,
243,,925035060.0015898,0.7809946851530105,
244,,112945808.48818636,-3.093580081663977,
245,,386503510.52057,-4.892144440853537,
246,,398747022.263814,-3.064668880018887,
247,,307956097.599874,-2.084832595309713,
248,,54963132.7982778,-2.439354601491936,
249,,211519833.510218,1.910482040579508,
250,,936953175.481547,-0.7116065579550577,
251,,240287370.388418,-1.4212057931151976,
252,,14856534.49136337,-4.211669608853665,
253,,426095858.2863216,-1.2159363708104078,
254,,621369748.2806605,2.949601780086976,
255,,361079239.830434,1.7757264855102792,
256,,958954269.38972,1.3998848192308129,
257,,151970892.8486615,-3.98394305241821,
258,,951441911.4448168,-0.9474312934383102,
259,,478582824.0674248,1.748220704185533,
260,,807432154.0725442,-0.177183862159481,
261,,632933972.8678646,-1.526183086655239,
262,,179323449.65903535,-2.421488236933069,
263,,37159478.99189653,-1.8437088737977507,
264,,946616655.2805836,-1.5188992096921206,
265,,890178940.1382366,3.7565189932277967,
266,,731034313.7507322,3.07578978056259,
267,,458746097.4594796,-2.1459382141555867,
268,,419995820.0906918,-2.27354388451221,
269,,839212482.3623319,-0.9291923562910438,
270,,483796986.1548123,-0.6291570304274545,
271,,402465452.6672213,2.994657958387589,
272,,380376379.1439956,-3.26750892181881,
273,,946461736.4161338,-2.848754284267755,
274,,652864566.8120599,-0.8748765743504445,
275,,169339220.89386576,-2.532877972800632,
276,,739231280.2078025,2.5400383643948503,
277,,380206093.80604655,-0.8698227231177361,
278,,806772158.2617203,-2.702720776307903,
279,,372599367.41561615,-2.959242223086698,
280,,206885319.9357672,1.2415391768465518,
281,,490579835.9298272,3.726379018350373,
282,,192319910.95160004,-0.5541596851950386,
283,,184258019.25975937,0.3293979329906482,
284,,300750998.2728121,1.3429392232725952,
285,,592167286.3575101,0.3818054762562166,
286,,496116152.0456471,-1.5797788847335064,
287,,916651965.848682,-1.6280552044787675,
288,,646866046.3478327,0.6247103949308017,
289,,130464265.64787252,-3.807741617752897,
290,,814693887.3023889,-0.1347748052825195,
291,,212830045.41559547,-2.0304127025442327,
292,,41717372.15813076,-0.7681272526444991,
293,,349609106.7253363,1.9329713977262335,
294,,697333929.3987288,0.2615290870851694,
295,,263249962.803876,-2.706361835534432,
296,,319836500.0196619,0.1019350261485078,
297,,957906735.5540798,1.403675522460051,
298,,984033816.7655132,3.155752986056505,
299,,636459955.4717726,2.249229016469747,
300,,752907618.3822398,8.094635161186014,
301,,962244547.3420842,2.919689888870237,
302,,825061691.0954949,-0.3769678937240376,
303,,220241295.59959683,-2.473752729409447,
304,,238108849.1860416,-1.6262393696042428,
305,,310702112.26160705,-2.217579656007033,
306,,980508991.0135632,3.930488023529319,
307,,638820561.073021,3.6001639137404613,
308,,904918391.3805196,0.7522316680190316,
309,,13692735.08064639,-2.2650079071741875,
310,,766701611.1647047,-1.0201733881227488,
311,,4398189.215633064,-5.091138823322636,
312,,43288047.57064752,-1.597357603804954,
313,,4869305.69801336,-4.144104115167173,
314,,206949569.5838911,-0.0774622463434727,
315,,329468588.3210785,-2.7106431299892275,
316,,959645098.8732845,0.6115995890595671,
317,,908882003.9689084,-3.181011948003719,
318,,584515439.6911653,2.6656798953889567,
319,,811505218.4807972,0.9630839874549288,
320,,32130323.874384858,-5.362354903491932,
321,,756068014.4411184,4.859979857244554,
322,,84222232.80739827,-1.1946832501103166,
323,,176347689.9015104,-1.5005113736299032,
324,,929786063.1074498,-1.3810051459661166,
325,,260141491.15628183,-5.575203239562978,
326,,795832542.680759,-2.339466771426648,
327,,529579667.0013983,1.0829565063909337,
328,,701435592.5879312,-3.310158175807591,
329,,690611763.4381986,-0.9615646317376116,
330,,476373396.8019681,1.4035297343341924,
331,,718865961.1902016,-2.078362640371732,
332,,257145371.67900357,-0.9299200149712112,
333,,321865937.92428285,-0.7929637584098055,
334,,798957613.6141564,-1.0001425033185014,
335,,50721081.17190677,-2.276247803189237,
336,,263743169.41817555,-3.0480526668643257,
337,,207976323.19561836,1.266685992786807,
338,,222463909.85837504,0.929312402947083,
339,,661881732.8601565,-1.7107389753129878,
340,,123033846.07450974,-0.1540765916704893,
341,,393867177.6888009,-2.0688654253745566,
342,,612598885.3272951,0.4448342866422896,
343,,320698228.4220442,1.5128156857224908,
344,,315733207.26875687,-4.230254573023585,
345,,606319799.078946,5.301990325644818,
346,,833198993.4042264,-2.144735587338928,
347,,416858990.9837761,-5.668050877816741,
348,,48288595.436065786,-3.4948719695702337,
349,,884645722.0487244,3.322142665366626,
350,,868983448.3808377,3.524218255907809,
351,,367527400.54916346,-0.5379956818330522,
352,,634823355.0741819,3.3943001865020426,
353,,454105662.53237903,-4.437438361872114,
354,,711797099.1442528,1.7471443269016915,
355,,129659139.41648,-3.1409883240649403,
356,,87410368.49087524,-0.7783215092624455,
357,,956698675.0206236,2.433854519728783,
358,,877038968.319115,-0.4216911327767261,
359,,156099735.42893675,-4.708646320475426,
360,,152870299.25488615,-2.731867636148217,
361,,375795542.2150432,-1.0028509243206205,
362,,125801235.8629176,-4.144115655051453,
363,,874883348.4511558,7.149915465871144,
364,,909053773.3668232,0.287805115843141,
365,,54231991.67106263,-5.123817996168818,
366,,930733816.2606864,-2.4856689855244367,
367,,877729823.266036,5.315619739698335,
368,,828543207.3736475,1.3328955871985442,
369,,660993825.0086995,-1.3932358413189836,
370,,136885979.77343798,-4.258991049416453,
371,,407328280.1964492,-2.1416904094260465,
372,,940935015.081086,1.010256927464328,
373,,316155594.2550477,0.0492568449587632,
374,,145233256.89969835,-6.103501776172815,
375,,168078738.445829,-2.3401571915583577,
376,,528476979.2591216,2.094896230406711,
377,,19246544.02198234,-1.5777670103151804,
378,,677366662.0179797,1.746305453119088,
379,,109356612.68059915,-2.2029073973667064,
380,,372972074.718764,-0.9232280921769772,
381,,135022905.2262457,-3.348348153315573,
382,,668784900.0068603,-0.8426007221754105,
383,,241623639.8476439,1.95469138601448,
384,,703964007.4347994,-3.143920462782434,
385,,628278499.3699564,1.3695776594251354,
386,,344932335.6546634,-0.4490300561759575,
387,,45134053.921684906,2.8944706471862345,
388,,999415709.8478496,5.045365228430573,
389,,642527241.6272558,-2.975422213113762,
390,,7021878.276327054,-6.963047236472924,
391,,747379661.2547518,5.74787224330351,
392,,383347876.48724914,-1.6532353570174196,
393,,44156534.09758047,-3.6241022284769193,
394,,212896898.42688185,1.5199079802232072,
395,,899410709.9646809,5.92756330239599,
396,,197468593.12109843,-0.2804293373931213,
397,,91142496.42484164,1.446891756697262,
398,,210459582.29768923,1.0668281192746525,
399,,993035218.9298112,3.611062051403,
400,,629440571.7591585,1.3597041761314892,
401,,567011453.9156965,-2.092517461451487,
402,,540641114.1503757,2.002016707613232,
403,,857314519.8815334,-0.7992948201067924,
404,,533802454.0805097,-1.0484031744303253,
405,,665755310.9703053,-0.4529500795045711,
406,,801735999.7120254,-1.897812778273697,
407,,951859386.3174344,3.57567560466111,
408,,37919547.30806324,-0.4049528052529609,
409,,269460576.4854807,-1.089140805093426,
410,,765959508.1532712,5.522117609221356,
411,,577697083.9731753,0.8292605088644502,
412,,369483458.7513964,0.1013229975381266,
413,,681583157.0975652,-3.766070115011848,
414,,616928650.6213782,3.750382677759102,
415,,320351384.004688,-0.8187095873405495,
416,,726107631.2455418,6.8896418434040285,
417,,223730170.482512,-1.911810687375396,
418,,859982554.1257932,1.173407724826735,
419,,27936645.991958663,0.1844713061624756,
420,,620569062.5999669,5.7272531586952695,
421,,652338726.010985,0.5309370871729898,
422,,659212119.1488972,-1.9375712989482197,
423,,801043036.2839593,0.670607990343941,
424,,337049307.688993,1.339076572645204,
425,,9399409.99583111,-7.426069788067387,
426,,851583430.5728761,3.255414999860278,
427,,797049029.9718342,-2.673366942092932,
428,,512558789.6537576,-0.1186999125393932,
429,,871002572.569952,5.5833285152869845,
430,,405102054.0936671,-2.727114471619996,
431,,844206358.5816252,-0.1343826847797811,
432,,725777633.7037308,1.6913732696634758,
433,,629579602.8912469,-2.19700646956354,
434,,982429523.6322814,0.4113248546711168,
435,,980858358.8281564,2.183591979837892,
436,,867019648.9534007,3.707710853245374,
437,,362173830.89607126,1.3972880584845702,
438,,16536968.2389106,-3.5479545460924715,
439,,880646698.6232128,7.180542208403715,
440,,41105280.12510206,-1.152004626451708,
441,,347425407.4204325,1.3954306772682277,
442,,275654080.632134,-3.1543685461807973,
443,,999668475.74244,0.6123021676292337,
444,,225948738.1150631,0.1414947204103825,
445,,279483032.8564693,-8.710201840969065,
446,,355473622.1441549,1.6657713446093214,
447,,81222042.40868059,-1.5427354054864957,
448,,551062163.7405878,-1.1115523724300682,
449,,70058076.6932265,1.0231620445445793,
450,,612577944.9402732,4.052437935011507,
451,,68524653.9615928,-0.134947899061147,
452,,864373924.8621265,4.282760585566983,
453,,957725883.6774784,1.182764089361768,
454,,380839057.5450465,-1.9199376147414264,
455,,604703925.3967916,5.245052550087538,
456,,402887980.39200014,-1.6969688527451448,
457,,810462421.2713575,0.9095290705264768,
458,,99200000.45026034,-1.262550630533967,
459,,965040791.0244572,1.351012205815078,
460,,869691636.8330184,1.371053705219245,
461,,532894061.8730453,-1.2603748549098617,
462,,640257785.594742,-0.0795987211741598,
463,,805109797.8100278,0.6726410272506793,
464,,489311043.6347711,3.3421120786785976,
465,,307083222.6656307,-2.6419937615115057,
466,,179417740.46338543,0.7464604568462214,
467,,733972241.6126635,1.2876155989849185,
468,,694564839.8674927,2.042005938755322,
469,,526965139.8915605,-2.897956477645548,
470,,921766615.596719,-0.4748434067125959,
471,,271110079.3303471,-4.9688685764538825,
472,,296125426.87057954,-4.713794053427003,
473,,298185439.3504271,0.1034525413335463,
474,,349401249.9426804,-1.4846713314308644,
475,,696587097.6861726,-1.7014361231829709,
476,,131598706.45804948,-5.34753126866604,
477,,643972268.0755676,-1.2957144916841838,
478,,698075613.4318994,-6.876355124840124,
479,,10799849.962161766,-2.569447939066705,
480,,218955606.21679345,-0.7830016218057034,
481,,26049011.33219306,-3.395404085696754,
482,,283607664.520121,-4.091461896440407,
483,,119188967.25353011,-0.1284684123853323,
484,,280221892.28783333,-5.611174114266485,
485,,587042241.2905507,1.4754966411833357,
486,,28232415.413474098,-3.1702777840382543,
487,,31061594.92290217,-4.179531093486707,
488,,627011231.237387,5.047923109576444,
489,,614629396.2604631,2.587628470107108,
490,,300677580.1251108,-1.1439099431948636,
491,,357423653.8492678,3.006041381881734,
492,,559596055.9610474,-2.010156626401286,
493,,407558963.21311057,0.0476574395536273,
494,,123503672.0252175,-3.753011005525739,
495,,980784696.4061348,0.1511811014388735,
496,,923031303.9175848,-0.3946080557525596,
497,,846204213.1361026,0.2890476936974001,
498,,20216337.831875484,-1.205929619562097,
499,,92340959.87384003,0.5569961561419937,
500,,96004580.3609404,-2.088436877251446,
501,,592319142.6172523,2.1461093597464918,
502,,630966027.1118046,2.5135274501902583,
503,,763219443.0154955,4.186716328476379,
504,,725184123.7358136,-3.046958246133645,
505,,741207917.9119537,3.682818996480506,
506,,104528668.913913,-2.0573342966441794,
507,,549916879.2637067,-2.1664243081695664,
508,,718451140.9908797,1.3276661759361152,
509,,268341069.1122841,-3.2511936561794537,
510,,279645207.40003395,-4.590248079732023,
511,,356292831.6407773,6.0536306261070125,
512,,429570779.1204408,-1.344074313147941,
513,,196661700.5180745,-0.6215772835024632,
514,,173294311.92632762,-0.4511706125769357,
515,,59156031.97535191,-1.4015584707021675,
516,,864033983.8363053,5.788201016755192,
517,,495223854.18937486,0.319261933397176,
518,,264533386.38100988,-4.69359927953329,
519,,14636238.972563386,-2.8111439063945114,
520,,635893602.2534428,2.565722501138322,
521,,307504110.03318524,-2.9204960481493742,
522,,648552752.5166854,0.0258932063145256,
523,,487477889.78480655,4.1572521727874925,
524,,942971115.0840076,-2.0424601493729475,
525,,624233167.1386379,6.024984371553245,
526,,479058680.9468336,1.845235167935984,
527,,999531667.2961904,3.1774275040040725,
528,,781297144.3680221,-0.5965856166864668,
529,,77480737.26724225,1.751757476056798,
530,,99437462.19849835,2.01472585416328,
531,,471368094.757904,0.3578430461634752,
532,,730752337.0146815,5.208902704329225,
533,,565958804.8059503,-0.4053494221705163,
534,,188177497.18679765,-1.7010388579503866,
535,,396957371.4091352,-5.314888252332166,
536,,142281191.49043673,-3.0423747881649983,
537,,172159507.1881218,0.549868680647382,
538,,118969684.93526016,-2.788135008796362,
539,,773189025.1083335,2.512717973315197,
540,,678652561.642854,-0.8868049684239169,
541,,456811677.807413,-0.6981086574550246,
542,,5374435.791204446,-8.951093257957162,
543,,678093931.3839123,-0.4928387607154805,
544,,903217328.296307,0.0401848174515444,
545,,909361037.0232172,-1.3983299800397626,
546,,779547681.2494127,0.6650231141032951,
547,,655154791.4614269,-1.5495364132946572,
548,,14024291.589284644,-5.191841079634015,
549,,827432638.5038642,0.814034006544511,
550,,815944051.4304036,-0.3472705311574937,
551,,534357254.5624301,-0.5183575617003806,
552,,859226271.388457,1.520806436154131,
553,,936683278.1133052,-3.389503796695475,
554,,287507443.0414444,-7.341510787954824,
555,,167552055.62244913,-1.319934182233207,
556,,481353571.38088506,2.2270506457591392,
557,,262691252.3121868,2.1142360560912574,
558,,336678610.75014484,1.389070388118686,
559,,655312591.2584018,0.8691996077229254,
560,,589324034.4252273,0.3215918327944307,
561,,252979168.05361545,-3.3096356335234014,
562,,543364857.1474626,-4.328725514082809,
563,,313981650.82381266,-1.567332326833505,
564,,38098625.71166744,-5.9262468205147325,
565,,756271263.0650384,0.1846679968643099,
566,,969370268.8129967,-1.0733388683460612,
567,,65168903.82532825,-1.4742098101001857,
568,,229778708.03121337,2.2329969440590194,
569,,260794576.00868928,-4.141290728514055,
570,,882738109.2001935,3.868843492512938,
571,,183453909.168154,-0.5981484434386116,
572,,68574235.67649412,-1.8584516641532056,
573,,337920973.02857536,2.3087215777425283,
574,,670082516.7872369,-2.75719698427659,
575,,429169932.8064558,-1.1717671016888824,
576,,377194185.62428975,1.8554578852057824,
577,,188173436.53895813,-2.3241704066406843,
578,,972766959.2244388,2.4057213248277427,
579,,525131054.18881136,1.2747463965066546,
580,,878523031.7829217,3.7376228460150873,
581,,669689043.1556025,3.4251592222325526,
582,,139765526.5643485,-2.6793619063720904,
583,,905200032.6161025,-0.4632276605726626,
584,,506126770.5930046,1.9283671666066784,
585,,51653751.02044756,-5.04514964564714,
586,,532951682.1163665,-9.472618152445769,
587,,246802982.5700776,-0.9095949695533592,
588,,776220653.6802455,0.287963223345868,
589,,350424810.0800384,-1.3056472507960493,
590,,162784706.3334007,-4.1163762831377895,
591,,967363501.2851268,-1.432415538663097,
592,,142558867.8130614,-2.20904776039514,
593,,726883818.3976598,1.6410423900912323,
594,,719364086.0953956,-0.7874580271995035,
595,,899506586.2675328,-0.8316575448111596,
596,,408744549.1817866,-1.6020342884618084,
597,,9093011.822531972,-2.161640139867953,
598,,375041532.9427263,0.0094120915410603,
599,,291966502.6474052,-4.04653166345221,
600,,135172001.42279384,-1.0807073244384888,
601,,771493255.8721427,2.1489150439098736,
602,,569204154.828483,0.3957743547010522,
603,,999332318.6767222,2.0492030890420847,
604,,23346890.812082637,-4.037129042847332,
605,,306400344.3237231,0.0054304846083022,
606,,939623894.0422212,1.5881633041789658,
607,,140751521.97887152,-7.274416047112213,
608,,697917874.8599976,0.2381303763353423,
609,,488801735.2521482,0.6106949084174729,
610,,148075589.73196444,-4.045513457814442,
611,,626052648.8016617,0.1438357450373517,
612,,829135286.629016,-2.8338795837534656,
613,,552690740.0260817,-0.1292374893032306,
614,,207538985.9909059,4.294401874586495,
615,,281310658.57389826,-1.5788026283867485,
616,,776009819.5825385,2.7812591802577997,
617,,891693577.1334844,0.8508537760081945,
618,,795831120.5765145,0.0630213643233283,
619,,936130776.9816068,1.431660646940351,
620,,295760057.8162707,-2.0555043656265317,
621,,275763386.77321446,-4.700868967654006,
622,,361926607.10234094,-1.013647812589168,
623,,106714333.3264714,0.5271650764357596,
624,,141824856.54430377,-0.8034599284314021,
625,,509758018.1828658,-1.210110034416372,
626,,116116934.53830962,-0.8601503338878373,
627,,816632933.9026554,-4.558418488113899,
628,,730052187.0582247,2.016269931547689,
629,,68429579.13316749,1.4707041741290354,
630,,617076710.2262299,1.3224241827536638,
631,,361115320.638176,1.360495873608511,
632,,730785335.3500204,0.5266252403662639,
633,,618030226.397352,1.9487269046816815,
634,,996585072.0443482,2.7507568779071323,
635,,922169462.0080862,-0.353500779460091,
636,,27107704.22417219,-2.974412453078855,
637,,549819517.8119773,0.3401137741660558,
638,,251166300.0513689,-2.5353284953233404,
639,,610263396.6607885,3.949769359155739,
640,,74454622.74498904,0.7656086788856316,
641,,344699543.18077344,-0.091402279503804,
642,,571934804.7806176,1.598929937006025,
643,,643850500.5389608,-0.4485947162471519,
644,,140828970.5369278,-3.642224333129696,
645,,287136408.4378525,-1.1179085019825097,
646,,631287613.4391911,0.96635738857599,
647,,171862771.6022456,-4.4186650384918735,
648,,233302453.6745728,0.6310613309895792,
649,,302665199.4528703,-0.1325849055848231,
650,,878047665.3346468,5.883472481383054,
651,,15910317.297844537,-3.535914653627143,
652,,689419030.7979352,-4.625702619530135,
653,,401005540.4421978,-3.262292970712928,
654,,864103123.8374255,3.931787637898542,
655,,537806322.0971155,1.828374107703728,
656,,24573442.478699192,-2.827459724187028,
657,,313278588.9070969,-2.6233739898207946,
658,,51479123.2193601,0.8768340530006531,
659,,185074418.79098484,0.7599613849789165,
660,,810344477.0656732,-0.1218821133222427,
661,,418680588.35042375,-6.72879100120932,
662,,1496082.4921450566,-5.248110862929501,
663,,485356262.98993206,1.9810184010382803,
664,,843400126.725306,1.8091541026684277,
665,,983584538.9721248,2.917549593644,
666,,64479599.01795186,-1.9653790694710087,
667,,965280973.9226474,-0.363382458073509,
668,,588487268.756456,1.5476711162938162,
669,,345123655.8192675,-1.38041065119658,
670,,481536834.9376018,5.324511696754639,
671,,854422528.46319,3.708721407142159,
672,,668209882.3700244,-0.1929312981706417,
673,,762900985.1688666,1.2369384339225729,
674,,116937547.88331832,-2.995969454338759,
675,,146516632.60229743,-3.0260678127968883,
676,,414990718.4949904,-1.425768917541926,
677,,403838389.6235212,-4.160132872451224,
678,,674689535.1251739,-1.862258144118683,
679,,374481564.9808433,-3.644940108358905,
680,,968555473.87728,-2.334453230129425,
681,,311302664.7836401,-1.74488267004935,
682,,41657725.39953483,0.3767217414440411,
683,,721154071.3028593,3.215896774403229,
684,,827861578.9481322,1.8949552272055603,
685,,379984107.7974457,0.63717229873834,
686,,775586068.5924944,-0.3349806360379095,
687,,32427017.8680488,-3.620862946944403,
688,,870973224.6110718,0.817556393323879,
689,,791185317.7260213,-4.398713402228945,
690,,940085814.0775272,-1.0569218432833891,
691,,953558084.754059,-5.750166279780373,
692,,157683870.53669387,-3.7651742005681417,
693,,184038837.7072785,-1.948372594188332,
694,,64639967.22367138,2.337993397779031,
695,,960908182.2893032,-0.4921142515903602,
696,,313239298.92820203,0.2958412861766232,
697,,961662341.5831598,1.3747340302035935,
698,,679722429.7929033,-1.6266036346333514,
699,,305851131.82445544,-2.18794836632402,
700,,134732197.50206745,-6.524843712139619,
701,,626053481.1869828,3.8515359909886033,
702,,859438451.3829588,3.349128929051892,
703,,62014920.87755223,-1.3108548177819246,
704,,103919579.81224386,0.5771009771080968,
705,,189863342.71340865,-4.123644688284554,
706,,96844174.80194797,2.248540227786401,
707,,42112562.62534591,-3.251500344226843,
708,,903107947.2930944,0.3901667175390939,
709,,636066583.779006,-1.9100003180545644,
710,,899855107.49834,2.473177659614741,
711,,634238723.5273466,0.7713497940505699,
712,,201224995.56496465,-1.4564900418945124,
713,,884265278.1427096,2.3419968675707725,
714,,382615496.7571006,2.357635443637936,
715,,59971806.86889325,-2.871948364577049,
716,,191033161.51738104,0.1512066653609174,
717,,684606332.4707283,-2.71740038808164,
718,,167064810.52610666,-2.037707463669291,
719,,687562553.4964226,-5.415265098568062,
720,,168434662.21809778,-0.8259526198385443,
721,,683048854.4734403,0.6859160725453968,
722,,730138396.5894864,3.321662451487484,
723,,937017587.0932035,-1.3615214678358312,
724,,689092930.9280683,2.736647939632771,
725,,354280621.11105883,-0.5027952851433191,
726,,863459132.5437983,3.988308251161396,
727,,400721627.3892314,-4.706081272725461,
728,,346986897.51444334,1.1523681924751203,
729,,729741199.2491975,-0.6952390616918787,
730,,141197894.9639967,-4.395123746952324,
731,,573954066.5693204,-1.4339295165670198,
732,,424428412.0037001,0.4648366638854684,
733,,456246386.88128847,-0.3114510895678515,
734,,664956573.7479469,-3.124186400373074,
735,,133191299.54784437,-1.95776490471442,
736,,541996065.4936767,-2.137740249335625,
737,,355437912.771267,-0.0187755987416433,
738,,697588647.7392946,-4.755556148668234,
739,,535109983.9158271,-1.5835675441867243,
740,,330048670.0683612,2.104648394307544,
741,,156500427.47782356,-5.258140882931075,
742,,383388516.599596,-1.125664589392459,
743,,224689164.5184141,-4.995002537333909,
744,,442791904.10703975,-1.921266291259261,
745,,553962047.1763486,0.4484866532359381,
746,,723006837.9522123,2.4643544344188184,
747,,67990947.71171233,2.494178785340888,
748,,870259889.0645647,0.3231137516062738,
749,,386112928.1594981,-1.127269944561711,
750,,517030173.25170606,-2.3270579306993224,
751,,948984291.814061,3.834132477417288,
752,,733673083.2600026,4.113023612764396,
753,,588096388.3595964,3.380742767515684,
754,,290431453.5152044,0.2362011346857402,
755,,828140527.7470666,0.3619684387039682,
756,,851954740.9289974,-0.9456594740842028,
757,,350812958.2875348,-1.2766177198505455,
758,,643894235.5495778,0.5380584391054992,
759,,886925684.4913452,4.160383192423389,
760,,660321032.8250685,0.3082661766554473,
761,,261912358.00454605,-0.1777015626695286,
762,,126266673.08822726,-5.662884498584116,
763,,694862851.7427589,0.0239197128899354,
764,,289109031.61091185,-2.9626320910183006,
765,,910064873.9113126,2.4581861469429347,
766,,216746003.9425475,-1.2290875736543398,
767,,742989236.7887843,3.888252535436177,
768,,860206641.707739,3.008336618092402,
769,,443015829.5823878,0.532335872003526,
770,,52916120.548773706,1.290914687813593,
771,,710664988.8389858,2.2384574358013465,
772,,198667884.88693956,2.651979629347644,
773,,135773177.1281554,-2.5743296755505325,
774,,528156810.5815526,0.0915649648680183,
775,,648637470.0545368,0.6975382948729929,
776,,327765644.3033084,1.4864680406916293,
777,,600306451.8448207,5.422237900004047,
778,,126022182.1797548,-3.885907244065977,
779,,549021531.5850292,0.5320171007351604,
780,,618101581.4263675,-1.10842032574786,
781,,797975566.0024782,-3.146461602346096,
782,,820137141.75171,-0.8503819786514485,
783,,178465499.02374163,2.4212497968918782,
784,,793986381.0484613,-0.0128081633132498,
785,,539089730.4002815,-3.1052960351748,
786,,65812700.87762181,-1.196583790161765,
787,,453664381.99026936,2.2200699816638982,
788,,16780375.40163069,-5.902716275400596,
789,,835403962.1504062,3.622155182642959,
790,,813381052.605872,-1.2311492431559157,
791,,243885438.7187712,1.821355972966319,
792,,785863869.6287202,1.969590263508296,
793,,977236101.8641052,1.2150879914433137,
794,,523060626.5182484,1.0273962261390994,
795,,617848338.1339004,0.5641865240316606,
796,,505419437.1569848,2.7248533409019555,
797,,427171935.9469916,-0.7762529330562691,
798,,322088302.118385,2.613566069825154,
799,,677255595.6649764,-2.777188534123473,
800,,407207832.5321748,-1.3627392740528828,
801,,10850858.57471213,-3.7847209783153968,
802,,747107347.3819414,7.035142489532795,
803,,543455378.2232045,-1.454805517817528,
804,,914472951.4804012,1.185052583947698,
805,,769666321.4006869,-1.0142031937795812,
806,,98807216.56058487,-1.6176925954723225,
807,,354531277.1739282,1.916890174905873,
808,,750758902.0532662,3.260956804632488,
809,,231989813.1969238,0.97912507580607,
810,,385307095.6520063,0.6731643501889772,
811,,855888709.508555,4.209916468421053,
812,,394291844.0486884,-0.0735331442434465,
813,,376564228.83448136,-0.9346926037930664,
814,,988032867.9285471,1.9774901827706404,
815,,348974834.3440785,0.7432442404135857,
816,,326582555.15751845,-1.1645755870322114,
817,,843188362.5557317,-1.2544525778653903,
818,,195884956.72851947,1.315053413133964,
819,,424445297.7857127,-3.214476825096356,
820,,133427381.93337645,0.5253803174082603,
821,,305562614.9034847,3.2546718458231148,
822,,249561769.35837027,-3.6795671797933407,
823,,556472877.500012,-0.9308204458048004,
824,,799963119.547896,-0.6518591518554245,
825,,770884730.5305756,2.3168434510919638,
826,,630835976.4424618,2.2392935527722813,
827,,512126265.8958835,1.6259370173432883,
828,,382499614.6601185,-2.926760286927712,
829,,982974516.7777562,4.5057410911890825,
830,,932544925.677842,-1.9481693846352688,
831,,662216667.7961733,-1.3591863281657643,
832,,548134745.9195997,-3.6186279459862223,
833,,308498064.4983617,-2.684261429661693,
834,,751663204.6347071,-0.5472417750155936,
835,,438159647.66462857,-1.9359346013945973,
836,,188239033.19217184,-1.2381623787988492,
837,,843289177.755687,-1.0303613805191405,
838,,635086066.8981335,-0.3070948452417357,
839,,287294541.7673499,-0.4204322754274141,
840,,36839027.54608881,-2.134523821096081,
841,,109320087.53058386,0.0762473452041394,
842,,662435183.6939677,-0.7783326438912057,
843,,340732215.4402613,2.2889895223608003,
844,,961838072.6604178,-4.323801729926646,
845,,313756644.66377074,-6.262959256672185,
846,,313835095.41286093,-0.1937145066348843,
847,,367874872.0613668,3.014299416080624,
848,,609320393.0477549,0.3480133430441881,
849,,300375439.6457559,-0.1802945034504874,
850,,270112174.9335141,-8.434135195102261,
851,,435450989.0160548,-5.433231536569224,
852,,376088533.5778219,-0.323684682075123,
853,,828098187.0269611,1.2759264127434538,
854,,463101098.78377,-2.424691327731784,
855,,644463777.2678297,-0.4827136196256933,
856,,662245365.6222866,-0.0585230532155827,
857,,691177580.4290128,-3.1355228054582813,
858,,112191476.31804216,-0.5096153373511756,
859,,104968322.18033104,-0.8013585365965633,
860,,675440641.5804273,-0.5658832355973036,
861,,911530903.777368,2.2125315250481794,
862,,25813540.946932554,-2.851573834359405,
863,,74905968.51607867,3.750239295301655,
864,,774597999.0465544,-0.5711405461431328,
865,,399860368.26566887,-3.5758529370115197,
866,,245189788.29879323,0.2617722807752016,
867,,525551174.42437947,0.0606961095810001,
868,,834440783.6752275,0.6141827447531397,
869,,760545622.5115619,3.684460217339311,
870,,464714560.9212912,-0.5740356489007887,
871,,774939840.9756469,-0.1495299727142808,
872,,128586650.61902876,-7.148898950059689,
873,,232294378.28473583,2.3201003248910808,
874,,959798505.6860024,1.1943130021687098,
875,,41794530.807174325,-3.178763996675582,
876,,188324969.0670276,0.9388016948624156,
877,,99411575.25903066,4.587826009608369,
878,,20345148.758607488,1.0771179759602552,
879,,371520455.0323264,-3.839505664642082,
880,,373098705.7067725,-5.093203258732206,
881,,184777926.6527898,0.845251649971074,
882,,601958128.1998358,3.5137864262154257,
883,,47155323.8875233,-3.3302316415630404,
884,,278902260.097201,-4.66668050823705,
885,,542844262.6595007,-1.5269600860831998,
886,,80338420.34748629,1.5881351875725165,
887,,435635633.0830103,-0.1996451046119705,
888,,468315562.0587287,-0.0854365582364133,
889,,41692302.23279707,-0.3482019618025618,
890,,858682643.2585945,4.61028916221576,
891,,535677731.0118266,-2.454853303301565,
892,,287639196.03962296,-3.627663504611151,
893,,192370794.830392,-2.60827811842339,
894,,519277086.1287029,1.2324244662707242,
895,,708752962.4723632,1.4524524764593214,
896,,552248672.0628934,-0.3270727879517023,
897,,340934118.0387184,1.1493677731109502,
898,,83937028.91049425,-1.3817703160502377,
899,,266710323.0947905,-2.129137250760206,
900,,453080643.9373971,1.8470684400236437,
901,,146972033.84609002,-2.252469871899595,
902,,827668038.2476844,-2.067426611288274,
903,,189258641.50701377,-0.8596269734945042,
904,,589602976.0382409,0.6238168795289328,
905,,878288768.3873254,0.1034675123622506,
906,,795979773.0633742,-1.6091431226982562,
907,,709751323.9864869,-0.098565380370089,
908,,874910565.7660888,6.508817095240104,
909,,703211023.2723367,-0.0595279565629601,
910,,61695157.2732849,-1.479038193285257,
911,,446698353.7649106,2.211897032804746,
912,,460729815.3330607,-0.0701592202144321,
913,,402963238.4606497,-0.4468297501698717,
914,,58459994.69917074,0.6791244021524474,
915,,646185113.0322186,3.059942204233737,
916,,911783443.6739706,2.9294918011765785,
917,,390122045.1812034,-0.3120866299519556,
918,,55318378.26031771,2.906648001541542,
919,,438180491.7559536,-1.4372109961856023,
920,,604637386.1636481,0.4761209254015779,
921,,195705924.30762336,1.0286361926007612,
922,,548326082.7175084,-0.1994251427852418,
923,,354515459.1840549,1.383981781547547,
924,,742393090.5451723,2.591225661687111,
925,,293474592.6516592,-4.6035842234904205,
926,,499511052.4805368,3.854403933085453,
927,,808087830.1176835,0.6346729871761203,
928,,252513063.1134673,-3.980478935925742,
929,,944970300.7455769,-4.662440883991301,
930,,523989695.9797792,-3.6611498544241625,
931,,456845608.3417214,1.5773130107420257,
932,,564355672.2105108,-2.764998895500652,
933,,447161050.303024,2.440235338018097,
934,,647217837.5857847,1.8917852919725369,
935,,679239771.1658943,-1.8024182116339185,
936,,181337990.2705261,-2.087492873837884,
937,,73337449.51122656,-0.645096439193195,
938,,62039964.88175923,-2.5132986376549944,
939,,123595710.043644,-3.593904029964322,
940,,708167290.4684482,-2.346154047087861,
941,,178316363.83802775,-2.411943127118159,
942,,779943071.8940852,-0.075567304090179,
943,,955708580.0260568,1.952738951498942,
944,,267552264.2469773,-2.5555335368112515,
945,,325175867.8158672,2.7349123185402715,
946,,752289697.8307756,2.4647697744057813,
947,,81334411.33196484,-1.6083774977460663,
948,,49096100.44899937,-1.6692662391800506,
949,,610431348.6212211,8.175371514277728,
950,,815185950.3490801,0.9006554770845372,
951,,655557856.1642293,-1.584661316164646,
952,,784213731.1426898,-1.1862911123979785,
953,,277889006.6361952,-2.648956984827554,
954,,982234325.5488336,2.5976522741244903,
955,,860660771.1853431,4.590377785278848,
956,,2151801.34277293,-4.48848391299949,
957,,549308587.2810501,-1.4742317429371707,
958,,158132429.40580663,-6.672570634525663,
959,,69167944.9151762,0.6199114692248446,
960,,486528709.0744613,0.8239397996590765,
961,,955846422.8067628,-0.6354663938842842,
962,,206665776.6154405,0.9360240274697492,
963,,189707376.68875548,-1.6807674667041217,
964,,104678980.4369086,0.8973701752484542,
965,,278294973.775833,-4.232770696495116,
966,,596155855.9924664,2.933038434584325,
967,,205919296.01166004,2.46048282362967,
968,,555117870.8206942,-3.539881264984715,
969,,68504525.49784702,1.2683410005806972,
970,,661030378.3634539,0.6297332942386915,
971,,987531491.650819,1.5748163667188972,
972,,591208772.2094121,-0.3029909452543007,
973,,113661473.47401544,-3.554725489060071,
974,,430107361.2178572,-0.588521920444729,
975,,157059790.1260986,-3.630364872782364,
976,,312489923.5598176,-3.2557135397078656,
977,,917374694.5945406,1.0442710273278228,
978,,215520126.4258272,-1.3454209011412883,
979,,76667202.90365347,-1.4076735096855988,
980,,135102359.6940082,-7.74025010138457,
981,,200093542.62499568,-0.4131686526537894,
982,,533219225.7640141,-1.8574223554384728,
983,,483473296.6055354,0.6885052658231194,
984,,289935133.02170724,-0.3845213915675058,
985,,214513736.81263763,-0.6818550570404818,
986,,631573422.9055508,-1.7914333514715397,
987,,323925285.78292966,3.469134797322514,
988,,55128536.658889726,-0.7390766073503051,
989,,871437931.9987178,5.270009989173955,
990,,846312184.8444245,-0.3349035076585533,
991,,782907521.3149333,5.174700741040593,
992,,434652220.3444156,-2.094336158543756,
993,,523964.8991822721,-5.855208815437809,
994,,664267436.0786079,-5.151141245871917,
995,,992188695.1198682,2.433579744124826,
996,,756037300.2435869,2.5076175980613016,
997,,299186428.3551307,0.1835828179809142,
998,,261712381.22379315,1.6549361249071666,
999,,968979018.3667728,-2.4806995708514323,
